,molecule_chembl_id,canonical_smiles,class,MW,LogP,NumHDonors,NumHAcceptors,pIC50
2,CHEMBL584512,Cc1cc2c(cc1F)OC(c1ccc(Br)cc1)C1=C2N(C)c2ncnn2C1c1ccc(Br)cc1,inactive,582.2710000000002,6.834820000000004,0.0,5.0,4.943095148663527
3,CHEMBL567403,CN1C2=C(C(c3ccc(Br)cc3)Oc3ccc(F)cc32)C(c2ccc(Br)cc2)n2ncnc21,inactive,568.2439999999999,6.526400000000004,0.0,5.0,4.3535962737769305
5,CHEMBL567636,CN1C2=C(C(c3ccc(Cl)cc3)Oc3ccccc32)C(c2ccc(Br)cc2)n2ncnc21,inactive,505.8030000000001,6.278200000000004,0.0,5.0,4.823908740944319
7,CHEMBL2059300,CC[C@@H](C(=O)OC(C)(C)C)N1C(=O)[C@@](C)(CC(=O)O)C[C@H](c2cccc(Cl)c2)[C@H]1c1ccc(Cl)cc1,active,534.4800000000001,6.6519000000000075,1.0,4.0,6.0
8,CHEMBL2059435,CC[C@@H]([C@H](C)O)N1C(=O)[C@@](C)(CC(=O)O)C[C@H](c2cccc(Cl)c2)[C@H]1c1ccc(Cl)cc1,active,478.41600000000005,5.691000000000006,2.0,3.0,6.119186407719209
14,CHEMBL2177186,CCOC(=O)[C@H](CC)N1C(=O)[C@@H](CC(=O)O)C[C@H](c2cccc(Cl)c2)[C@H]1c1ccc(Cl)cc1,inactive,492.3990000000001,5.4832000000000045,1.0,4.0,4.97061622231479
15,CHEMBL2177813,O=C(O)C[C@H]1C[C@H](c2cccc(Cl)c2)[C@@H](c2ccc(Cl)cc2)N(CC2CC2)C1=O,inactive,432.3470000000002,5.551500000000004,1.0,2.0,4.46344155742847
16,CHEMBL2396661,Cc1nc(NC(=O)N2CCC[C@H]2C(N)=O)sc1-c1ccnc(C(C)(C)C(F)(F)F)c1,inactive,441.4790000000001,3.835020000000002,2.0,5.0,5.0
